{
    "requireSpaceAfterKeywords": ["if", "else", "for", "while", "do", "switch", "return"],
    "requireSpacesInFunctionExpression": { "beforeOpeningCurlyBrace": true },
    "disallowLeftStickedOperators": ["?", "+", "-", "/", "*", "=", "==", "===", "!=", "!==", ">", ">=", "<", "<="],
    "requireRightStickedOperators": ["!"],
    "disallowRightStickedOperators": ["?", "/", "*", ":", "=", "==", "===", "!=", "!==", ">", ">=", "<", "<="],
    "disallowSpaceAfterPrefixUnaryOperators": ["++", "--", "+", "-", "~", "!"],
    "disallowSpaceBeforePostfixUnaryOperators": ["++", "--"],
    "requireSpaceBeforeBinaryOperators": ["+", "-", "/", "*", "=", "==", "===", "!=", "!=="],
    "requireSpaceAfterBinaryOperators": ["+", "-", "/", "*", "=", "==", "===", "!=", "!=="],
    "disallowKeywords": ["with"],
    "validateLineBreaks": "LF",
    "requireLineFeedAtFileEnd": true
}
